{"version": {"json_export": "185", "page_segmentation": "5", "schema": "1.1.0", "structure": "1.1022.0", "table_structure": "5"}, "extended_metadata": {"ID_instance": "F6 73 7B 0F 1C B7 B2 11 0A 00 67 45 8B 6B C6 23 ", "ID_permanent": "45 46 20 34 44 20 37 39 20 30 46 20 31 43 20 42 37 20 42 32 20 31 31 20 30 41 20 30 30 20 36 37 20 34 35 20 38 42 20 36 42 20 43 36 20 32 33 20 ", "pdf_version": "1.6", "pdfa_compliance_level": "", "is_encrypted": false, "has_acroform": false, "is_digitally_signed": false, "pdfua_compliance_level": "", "page_count": 4, "has_embedded_files": false, "is_certified": false, "is_XFA": false, "language": ""}, "elements": [{"Bounds": [-0.1800689697265625, 19.011199951171875, 612.4200134277344, 792.1799774169922], "Page": 0, "Path": "//Document/Figure", "attributes": {"BBox": [0.0, 0.0322265999999995, 611.9749999999767, 792.0], "Placement": "Block"}}, {"Page": 1, "Path": "//Document/Figure[2]", "attributes": {"BBox": [0.0, 0.0322265999999995, 611.9749999999767, 792.0], "Placement": "Block"}}, {"Bounds": [-0.1800689697265625, 314.38499450683594, 612.4200134277344, 792.1799774169922], "Page": 2, "Path": "//Document/Figure[3]", "attributes": {"BBox": [0.0, 0.0322265999999995, 611.9749999999767, 792.0], "Placement": "Block"}}, {"Page": 3, "Path": "//Document/Figure[4]", "attributes": {"BBox": [0.0, 0.0322265999999995, 611.9749999999767, 792.0], "Placement": "Block"}}], "pages": [{"boxes": {"CropBox": [0.0, 0.0, 612.0, 792.0], "MediaBox": [0.0, 0.0, 612.0, 792.0]}, "height": 792.0, "is_scanned": false, "page_number": 0, "rotation": 0, "width": 612.0}, {"boxes": {"CropBox": [0.0, 0.0, 612.0, 792.0], "MediaBox": [0.0, 0.0, 612.0, 792.0]}, "height": 792.0, "is_scanned": false, "page_number": 1, "rotation": 0, "width": 612.0}, {"boxes": {"CropBox": [0.0, 0.0, 612.0, 792.0], "MediaBox": [0.0, 0.0, 612.0, 792.0]}, "height": 792.0, "is_scanned": false, "page_number": 2, "rotation": 0, "width": 612.0}, {"boxes": {"CropBox": [0.0, 0.0, 612.0, 792.0], "MediaBox": [0.0, 0.0, 612.0, 792.0]}, "height": 792.0, "is_scanned": false, "page_number": 3, "rotation": 0, "width": 612.0}]}